{"num_units": 256, "dropout_rate": 0.25947139944856873, "learning_rate": 0.0046357080073695395, "batch_size": 32, "epochs": 47}